listing_id,owner_id,eco_score_impact,status,created_at
LST-00000,TL-0001,45,completed,2026-01-19T00:00:00.000000
LST-00001,TL-0137,77,completed,2026-01-12T00:00:00.000000
LST-00002,TL-0028,91,active,2026-01-31T00:00:00.000000
LST-00003,TL-0378,22,completed,2026-02-07T00:00:00.000000
LST-00004,TL-0062,94,completed,2026-01-31T00:00:00.000000
LST-00005,TL-0487,60,completed,2026-02-09T00:00:00.000000
LST-00006,TL-0175,84,completed,2026-01-17T00:00:00.000000
LST-00007,TL-0184,33,completed,2026-01-04T00:00:00.000000
LST-00008,TL-0438,93,active,2026-02-07T00:00:00.000000
LST-00009,TL-0408,29,completed,2026-01-02T00:00:00.000000
LST-00010,TL-0071,69,completed,2026-01-06T00:00:00.000000
LST-00011,TL-0328,45,completed,2026-02-09T00:00:00.000000
LST-00012,TL-0194,65,completed,2026-01-07T00:00:00.000000
LST-00013,TL-0078,16,completed,2026-01-20T00:00:00.000000
LST-00014,TL-0214,31,completed,2026-01-16T00:00:00.000000
LST-00015,TL-0167,79,completed,2026-01-25T00:00:00.000000
LST-00016,TL-0228,11,completed,2026-01-24T00:00:00.000000
LST-00017,TL-0068,45,completed,2026-01-27T00:00:00.000000
LST-00018,TL-0060,84,completed,2026-01-08T00:00:00.000000
LST-00019,TL-0277,90,completed,2026-01-17T00:00:00.000000
LST-00020,TL-0251,36,completed,2026-01-28T00:00:00.000000
LST-00021,TL-0357,17,completed,2026-01-24T00:00:00.000000
LST-00022,TL-0123,34,completed,2026-01-19T00:00:00.000000
LST-00023,TL-0098,92,completed,2026-01-05T00:00:00.000000
LST-00024,TL-0111,17,cancelled,2026-01-23T00:00:00.000000
LST-00025,TL-0396,93,completed,2026-02-03T00:00:00.000000
LST-00026,TL-0470,44,completed,2026-01-19T00:00:00.000000
LST-00027,TL-0433,46,active,2026-01-09T00:00:00.000000
LST-00028,TL-0482,12,completed,2026-01-08T00:00:00.000000
LST-00029,TL-0216,38,completed,2026-02-02T00:00:00.000000
LST-00030,TL-0441,69,active,2026-01-14T00:00:00.000000
LST-00031,TL-0454,42,completed,2026-02-10T00:00:00.000000
LST-00032,TL-0075,34,active,2026-02-08T00:00:00.000000
LST-00033,TL-0126,13,active,2026-01-24T00:00:00.000000
LST-00034,TL-0415,24,completed,2026-01-09T00:00:00.000000
LST-00035,TL-0389,89,completed,2026-01-16T00:00:00.000000
LST-00036,TL-0204,46,completed,2026-02-04T00:00:00.000000
LST-00037,TL-0280,56,cancelled,2026-02-10T00:00:00.000000
LST-00038,TL-0466,56,cancelled,2026-01-05T00:00:00.000000
LST-00039,TL-0053,50,completed,2026-01-18T00:00:00.000000
LST-00040,TL-0455,83,active,2026-02-09T00:00:00.000000
LST-00041,TL-0002,28,completed,2026-02-01T00:00:00.000000
LST-00042,TL-0379,80,completed,2026-01-26T00:00:00.000000
LST-00043,TL-0177,95,completed,2026-01-07T00:00:00.000000
LST-00044,TL-0253,12,completed,2026-01-04T00:00:00.000000
LST-00045,TL-0248,59,completed,2026-02-08T00:00:00.000000
LST-00046,TL-0001,43,active,2026-02-06T00:00:00.000000
LST-00047,TL-0459,46,completed,2026-01-17T00:00:00.000000
LST-00048,TL-0318,100,completed,2026-01-18T00:00:00.000000
LST-00049,TL-0137,43,completed,2026-01-16T00:00:00.000000
LST-00050,TL-0218,26,cancelled,2026-01-09T00:00:00.000000
LST-00051,TL-0150,50,cancelled,2026-01-19T00:00:00.000000
LST-00052,TL-0438,11,completed,2026-01-11T00:00:00.000000
LST-00053,TL-0346,36,cancelled,2026-02-03T00:00:00.000000
LST-00054,TL-0117,37,active,2026-01-15T00:00:00.000000
LST-00055,TL-0104,78,completed,2026-01-15T00:00:00.000000
LST-00056,TL-0131,40,active,2026-02-04T00:00:00.000000
LST-00057,TL-0173,10,active,2026-01-10T00:00:00.000000
LST-00058,TL-0321,100,completed,2026-02-07T00:00:00.000000
LST-00059,TL-0495,74,completed,2026-01-19T00:00:00.000000
LST-00060,TL-0134,45,completed,2026-01-06T00:00:00.000000
LST-00061,TL-0449,29,completed,2026-01-21T00:00:00.000000
LST-00062,TL-0103,77,completed,2026-01-28T00:00:00.000000
LST-00063,TL-0056,90,completed,2026-01-11T00:00:00.000000
LST-00064,TL-0110,35,active,2026-01-15T00:00:00.000000
LST-00065,TL-0132,71,cancelled,2026-01-19T00:00:00.000000
LST-00066,TL-0137,81,cancelled,2026-01-27T00:00:00.000000
LST-00067,TL-0339,63,completed,2026-01-20T00:00:00.000000
LST-00068,TL-0285,14,completed,2026-01-02T00:00:00.000000
LST-00069,TL-0155,89,cancelled,2026-01-20T00:00:00.000000
LST-00070,TL-0491,68,cancelled,2026-02-02T00:00:00.000000
LST-00071,TL-0030,12,completed,2026-01-24T00:00:00.000000
LST-00072,TL-0226,56,completed,2026-02-01T00:00:00.000000
LST-00073,TL-0234,34,active,2026-01-13T00:00:00.000000
LST-00074,TL-0266,18,cancelled,2026-01-29T00:00:00.000000
LST-00075,TL-0097,38,completed,2026-01-24T00:00:00.000000
LST-00076,TL-0300,55,active,2026-01-26T00:00:00.000000
LST-00077,TL-0140,99,active,2026-01-17T00:00:00.000000
LST-00078,TL-0465,63,completed,2026-01-11T00:00:00.000000
LST-00079,TL-0100,20,completed,2026-01-12T00:00:00.000000
LST-00080,TL-0172,82,completed,2026-01-05T00:00:00.000000
LST-00081,TL-0014,70,completed,2026-02-01T00:00:00.000000
LST-00082,TL-0431,92,completed,2026-01-21T00:00:00.000000
LST-00083,TL-0436,59,active,2026-01-08T00:00:00.000000
LST-00084,TL-0340,92,completed,2026-01-15T00:00:00.000000
LST-00085,TL-0046,45,completed,2026-01-02T00:00:00.000000
LST-00086,TL-0257,68,completed,2026-01-23T00:00:00.000000
LST-00087,TL-0087,73,cancelled,2026-02-04T00:00:00.000000
LST-00088,TL-0385,41,completed,2026-01-07T00:00:00.000000
LST-00089,TL-0425,97,completed,2026-02-08T00:00:00.000000
LST-00090,TL-0161,17,cancelled,2026-01-15T00:00:00.000000
LST-00091,TL-0475,84,completed,2026-01-27T00:00:00.000000
LST-00092,TL-0348,54,completed,2026-02-07T00:00:00.000000
LST-00093,TL-0167,48,cancelled,2026-01-22T00:00:00.000000
LST-00094,TL-0157,89,active,2026-01-10T00:00:00.000000
LST-00095,TL-0489,94,active,2026-01-31T00:00:00.000000
LST-00096,TL-0006,89,cancelled,2026-01-03T00:00:00.000000
LST-00097,TL-0418,67,completed,2026-01-21T00:00:00.000000
LST-00098,TL-0337,28,completed,2026-01-07T00:00:00.000000
LST-00099,TL-0097,62,completed,2026-01-12T00:00:00.000000
LST-00100,TL-0236,71,completed,2026-01-25T00:00:00.000000
LST-00101,TL-0368,54,completed,2026-01-22T00:00:00.000000
LST-00102,TL-0375,50,cancelled,2026-01-04T00:00:00.000000
LST-00103,TL-0133,99,completed,2026-01-10T00:00:00.000000
LST-00104,TL-0281,59,completed,2026-01-20T00:00:00.000000
LST-00105,TL-0290,52,active,2026-01-06T00:00:00.000000
LST-00106,TL-0072,32,completed,2026-02-05T00:00:00.000000
LST-00107,TL-0039,46,completed,2026-01-28T00:00:00.000000
LST-00108,TL-0428,47,cancelled,2026-01-20T00:00:00.000000
LST-00109,TL-0430,70,completed,2026-01-06T00:00:00.000000
LST-00110,TL-0168,68,active,2026-02-08T00:00:00.000000
LST-00111,TL-0129,42,completed,2026-01-13T00:00:00.000000
LST-00112,TL-0237,60,completed,2026-01-22T00:00:00.000000
LST-00113,TL-0263,65,completed,2026-01-07T00:00:00.000000
LST-00114,TL-0342,43,completed,2026-01-29T00:00:00.000000
LST-00115,TL-0088,59,completed,2026-02-01T00:00:00.000000
LST-00116,TL-0046,60,active,2026-01-02T00:00:00.000000
LST-00117,TL-0406,68,completed,2026-02-10T00:00:00.000000
LST-00118,TL-0101,51,completed,2026-01-01T00:00:00.000000
LST-00119,TL-0435,44,active,2026-01-02T00:00:00.000000
LST-00120,TL-0195,55,completed,2026-01-27T00:00:00.000000
LST-00121,TL-0268,100,completed,2026-01-25T00:00:00.000000
LST-00122,TL-0493,82,cancelled,2026-01-11T00:00:00.000000
LST-00123,TL-0085,26,completed,2026-02-02T00:00:00.000000
LST-00124,TL-0161,76,completed,2026-01-16T00:00:00.000000
LST-00125,TL-0326,12,completed,2026-01-12T00:00:00.000000
LST-00126,TL-0213,14,completed,2026-01-30T00:00:00.000000
LST-00127,TL-0091,50,active,2026-01-04T00:00:00.000000
LST-00128,TL-0168,86,completed,2026-01-29T00:00:00.000000
LST-00129,TL-0190,38,completed,2026-02-08T00:00:00.000000
LST-00130,TL-0245,65,completed,2026-01-28T00:00:00.000000
LST-00131,TL-0198,47,active,2026-01-09T00:00:00.000000
LST-00132,TL-0054,47,completed,2026-01-01T00:00:00.000000
LST-00133,TL-0258,82,completed,2026-01-02T00:00:00.000000
LST-00134,TL-0272,69,completed,2026-01-05T00:00:00.000000
LST-00135,TL-0464,99,completed,2026-02-06T00:00:00.000000
LST-00136,TL-0223,67,completed,2026-01-12T00:00:00.000000
LST-00137,TL-0337,17,completed,2026-01-27T00:00:00.000000
LST-00138,TL-0339,60,completed,2026-01-10T00:00:00.000000
LST-00139,TL-0302,15,completed,2026-02-07T00:00:00.000000
LST-00140,TL-0202,58,completed,2026-01-26T00:00:00.000000
LST-00141,TL-0463,54,completed,2026-01-25T00:00:00.000000
LST-00142,TL-0068,41,active,2026-02-07T00:00:00.000000
LST-00143,TL-0265,18,completed,2026-01-08T00:00:00.000000
LST-00144,TL-0040,61,completed,2026-01-12T00:00:00.000000
LST-00145,TL-0408,12,completed,2026-01-04T00:00:00.000000
LST-00146,TL-0355,84,active,2026-01-09T00:00:00.000000
LST-00147,TL-0340,26,cancelled,2026-01-19T00:00:00.000000
LST-00148,TL-0015,29,active,2026-01-16T00:00:00.000000
LST-00149,TL-0036,97,completed,2026-01-24T00:00:00.000000
LST-00150,TL-0143,26,completed,2026-01-23T00:00:00.000000
LST-00151,TL-0066,92,completed,2026-01-31T00:00:00.000000
LST-00152,TL-0039,35,completed,2026-01-13T00:00:00.000000
LST-00153,TL-0125,60,active,2026-01-11T00:00:00.000000
LST-00154,TL-0019,64,cancelled,2026-01-07T00:00:00.000000
LST-00155,TL-0056,27,completed,2026-02-09T00:00:00.000000
LST-00156,TL-0052,34,completed,2026-01-06T00:00:00.000000
LST-00157,TL-0223,98,completed,2026-01-15T00:00:00.000000
LST-00158,TL-0042,83,completed,2026-01-26T00:00:00.000000
LST-00159,TL-0298,86,cancelled,2026-01-16T00:00:00.000000
LST-00160,TL-0324,42,completed,2026-01-31T00:00:00.000000
LST-00161,TL-0206,82,active,2026-01-04T00:00:00.000000
LST-00162,TL-0188,60,completed,2026-01-15T00:00:00.000000
LST-00163,TL-0129,74,active,2026-01-03T00:00:00.000000
LST-00164,TL-0432,49,active,2026-01-05T00:00:00.000000
LST-00165,TL-0054,59,active,2026-01-10T00:00:00.000000
LST-00166,TL-0079,20,completed,2026-01-26T00:00:00.000000
LST-00167,TL-0015,47,completed,2026-01-15T00:00:00.000000
LST-00168,TL-0391,93,active,2026-01-15T00:00:00.000000
LST-00169,TL-0366,10,active,2026-01-15T00:00:00.000000
LST-00170,TL-0430,65,completed,2026-01-08T00:00:00.000000
LST-00171,TL-0007,78,cancelled,2026-01-15T00:00:00.000000
LST-00172,TL-0315,64,active,2026-01-17T00:00:00.000000
LST-00173,TL-0324,52,completed,2026-01-13T00:00:00.000000
LST-00174,TL-0418,92,active,2026-02-05T00:00:00.000000
LST-00175,TL-0177,93,cancelled,2026-01-28T00:00:00.000000
LST-00176,TL-0452,18,active,2026-01-30T00:00:00.000000
LST-00177,TL-0125,62,active,2026-02-07T00:00:00.000000
LST-00178,TL-0263,23,cancelled,2026-02-03T00:00:00.000000
LST-00179,TL-0407,49,completed,2026-02-04T00:00:00.000000
LST-00180,TL-0101,47,completed,2026-01-16T00:00:00.000000
LST-00181,TL-0315,44,completed,2026-01-30T00:00:00.000000
LST-00182,TL-0110,23,completed,2026-01-25T00:00:00.000000
LST-00183,TL-0112,46,active,2026-02-03T00:00:00.000000
LST-00184,TL-0218,94,cancelled,2026-02-08T00:00:00.000000
LST-00185,TL-0166,44,completed,2026-01-08T00:00:00.000000
LST-00186,TL-0464,37,completed,2026-01-06T00:00:00.000000
LST-00187,TL-0410,50,active,2026-01-17T00:00:00.000000
LST-00188,TL-0315,33,completed,2026-01-21T00:00:00.000000
LST-00189,TL-0084,59,completed,2026-01-18T00:00:00.000000
LST-00190,TL-0342,34,completed,2026-01-06T00:00:00.000000
LST-00191,TL-0137,95,completed,2026-01-17T00:00:00.000000
LST-00192,TL-0034,36,completed,2026-01-20T00:00:00.000000
LST-00193,TL-0234,98,active,2026-01-23T00:00:00.000000
LST-00194,TL-0419,20,active,2026-02-07T00:00:00.000000
LST-00195,TL-0011,64,completed,2026-02-09T00:00:00.000000
LST-00196,TL-0158,49,active,2026-01-13T00:00:00.000000
LST-00197,TL-0310,78,completed,2026-01-29T00:00:00.000000
LST-00198,TL-0076,50,completed,2026-01-28T00:00:00.000000
LST-00199,TL-0058,26,completed,2026-01-04T00:00:00.000000
LST-00200,TL-0374,34,completed,2026-01-08T00:00:00.000000
LST-00201,TL-0248,16,completed,2026-01-04T00:00:00.000000
LST-00202,TL-0404,32,completed,2026-02-07T00:00:00.000000
LST-00203,TL-0384,25,completed,2026-01-20T00:00:00.000000
LST-00204,TL-0410,32,completed,2026-01-14T00:00:00.000000
LST-00205,TL-0445,68,active,2026-01-07T00:00:00.000000
LST-00206,TL-0192,89,active,2026-02-09T00:00:00.000000
LST-00207,TL-0421,68,completed,2026-01-16T00:00:00.000000
LST-00208,TL-0313,38,completed,2026-01-24T00:00:00.000000
LST-00209,TL-0409,76,completed,2026-02-05T00:00:00.000000
LST-00210,TL-0150,22,completed,2026-02-07T00:00:00.000000
LST-00211,TL-0404,100,completed,2026-01-13T00:00:00.000000
LST-00212,TL-0399,100,completed,2026-01-21T00:00:00.000000
LST-00213,TL-0169,67,completed,2026-01-24T00:00:00.000000
LST-00214,TL-0466,71,active,2026-01-24T00:00:00.000000
LST-00215,TL-0286,28,completed,2026-01-02T00:00:00.000000
LST-00216,TL-0254,24,completed,2026-01-14T00:00:00.000000
LST-00217,TL-0171,98,active,2026-01-20T00:00:00.000000
LST-00218,TL-0279,72,completed,2026-01-02T00:00:00.000000
LST-00219,TL-0121,36,completed,2026-01-24T00:00:00.000000
LST-00220,TL-0039,96,completed,2026-01-07T00:00:00.000000
LST-00221,TL-0073,10,cancelled,2026-01-11T00:00:00.000000
LST-00222,TL-0301,96,completed,2026-02-06T00:00:00.000000
LST-00223,TL-0399,83,completed,2026-01-24T00:00:00.000000
LST-00224,TL-0077,37,active,2026-02-09T00:00:00.000000
LST-00225,TL-0152,70,cancelled,2026-01-08T00:00:00.000000
LST-00226,TL-0066,91,cancelled,2026-01-13T00:00:00.000000
LST-00227,TL-0294,63,completed,2026-01-12T00:00:00.000000
LST-00228,TL-0217,85,completed,2026-02-08T00:00:00.000000
LST-00229,TL-0051,94,completed,2026-01-28T00:00:00.000000
LST-00230,TL-0351,73,completed,2026-01-09T00:00:00.000000
LST-00231,TL-0282,49,completed,2026-01-22T00:00:00.000000
LST-00232,TL-0372,45,completed,2026-01-12T00:00:00.000000
LST-00233,TL-0083,56,completed,2026-01-22T00:00:00.000000
LST-00234,TL-0028,68,completed,2026-01-26T00:00:00.000000
LST-00235,TL-0147,83,completed,2026-01-25T00:00:00.000000
LST-00236,TL-0011,33,completed,2026-01-11T00:00:00.000000
LST-00237,TL-0356,40,completed,2026-02-08T00:00:00.000000
LST-00238,TL-0357,95,completed,2026-01-08T00:00:00.000000
LST-00239,TL-0329,12,completed,2026-02-03T00:00:00.000000
LST-00240,TL-0059,45,completed,2026-01-14T00:00:00.000000
LST-00241,TL-0403,36,cancelled,2026-01-04T00:00:00.000000
LST-00242,TL-0332,77,cancelled,2026-01-24T00:00:00.000000
LST-00243,TL-0412,53,completed,2026-01-31T00:00:00.000000
LST-00244,TL-0450,64,completed,2026-01-24T00:00:00.000000
LST-00245,TL-0436,81,completed,2026-02-04T00:00:00.000000
LST-00246,TL-0311,64,completed,2026-01-27T00:00:00.000000
LST-00247,TL-0180,95,active,2026-02-09T00:00:00.000000
LST-00248,TL-0273,27,completed,2026-01-01T00:00:00.000000
LST-00249,TL-0061,57,completed,2026-01-09T00:00:00.000000
LST-00250,TL-0080,57,completed,2026-02-06T00:00:00.000000
LST-00251,TL-0260,47,active,2026-01-24T00:00:00.000000
LST-00252,TL-0404,75,active,2026-01-09T00:00:00.000000
LST-00253,TL-0199,28,active,2026-01-22T00:00:00.000000
LST-00254,TL-0152,27,completed,2026-01-29T00:00:00.000000
LST-00255,TL-0408,65,completed,2026-01-21T00:00:00.000000
LST-00256,TL-0046,54,completed,2026-01-23T00:00:00.000000
LST-00257,TL-0388,83,cancelled,2026-01-23T00:00:00.000000
LST-00258,TL-0134,43,active,2026-01-26T00:00:00.000000
LST-00259,TL-0025,27,completed,2026-01-02T00:00:00.000000
LST-00260,TL-0368,83,completed,2026-01-09T00:00:00.000000
LST-00261,TL-0340,25,completed,2026-01-27T00:00:00.000000
LST-00262,TL-0217,86,completed,2026-02-04T00:00:00.000000
LST-00263,TL-0070,45,completed,2026-01-07T00:00:00.000000
LST-00264,TL-0261,32,cancelled,2026-01-01T00:00:00.000000
LST-00265,TL-0347,36,completed,2026-01-04T00:00:00.000000
LST-00266,TL-0209,29,completed,2026-02-10T00:00:00.000000
LST-00267,TL-0073,52,completed,2026-02-10T00:00:00.000000
LST-00268,TL-0336,75,completed,2026-01-08T00:00:00.000000
LST-00269,TL-0384,83,completed,2026-02-06T00:00:00.000000
LST-00270,TL-0204,61,completed,2026-01-31T00:00:00.000000
LST-00271,TL-0319,14,active,2026-02-05T00:00:00.000000
LST-00272,TL-0235,94,completed,2026-01-25T00:00:00.000000
LST-00273,TL-0497,10,completed,2026-01-11T00:00:00.000000
LST-00274,TL-0434,48,completed,2026-01-14T00:00:00.000000
LST-00275,TL-0169,45,completed,2026-01-10T00:00:00.000000
LST-00276,TL-0135,67,completed,2026-01-19T00:00:00.000000
LST-00277,TL-0215,81,completed,2026-02-09T00:00:00.000000
LST-00278,TL-0483,53,completed,2026-02-10T00:00:00.000000
LST-00279,TL-0208,39,completed,2026-02-06T00:00:00.000000
LST-00280,TL-0332,95,completed,2026-01-22T00:00:00.000000
LST-00281,TL-0048,23,completed,2026-01-19T00:00:00.000000
LST-00282,TL-0241,25,completed,2026-01-10T00:00:00.000000
LST-00283,TL-0484,51,completed,2026-01-20T00:00:00.000000
LST-00284,TL-0300,29,completed,2026-02-02T00:00:00.000000
LST-00285,TL-0352,73,completed,2026-01-24T00:00:00.000000
LST-00286,TL-0075,83,active,2026-01-22T00:00:00.000000
LST-00287,TL-0103,68,completed,2026-01-31T00:00:00.000000
LST-00288,TL-0365,52,completed,2026-01-10T00:00:00.000000
LST-00289,TL-0317,20,completed,2026-01-03T00:00:00.000000
LST-00290,TL-0299,89,completed,2026-01-16T00:00:00.000000
LST-00291,TL-0394,29,cancelled,2026-02-03T00:00:00.000000
LST-00292,TL-0071,29,completed,2026-01-10T00:00:00.000000
LST-00293,TL-0019,98,completed,2026-01-29T00:00:00.000000
LST-00294,TL-0297,29,completed,2026-01-04T00:00:00.000000
LST-00295,TL-0411,81,active,2026-02-05T00:00:00.000000
LST-00296,TL-0021,100,completed,2026-01-12T00:00:00.000000
LST-00297,TL-0271,17,completed,2026-01-11T00:00:00.000000
LST-00298,TL-0421,58,cancelled,2026-01-03T00:00:00.000000
LST-00299,TL-0434,82,completed,2026-01-16T00:00:00.000000
LST-00300,TL-0055,72,completed,2026-01-02T00:00:00.000000
LST-00301,TL-0039,13,completed,2026-01-02T00:00:00.000000
LST-00302,TL-0440,67,active,2026-01-27T00:00:00.000000
LST-00303,TL-0285,57,completed,2026-01-06T00:00:00.000000
LST-00304,TL-0456,40,completed,2026-01-04T00:00:00.000000
LST-00305,TL-0085,22,completed,2026-01-03T00:00:00.000000
LST-00306,TL-0166,35,completed,2026-01-25T00:00:00.000000
LST-00307,TL-0036,42,completed,2026-01-07T00:00:00.000000
LST-00308,TL-0188,19,active,2026-01-18T00:00:00.000000
LST-00309,TL-0474,67,completed,2026-02-03T00:00:00.000000
LST-00310,TL-0244,29,cancelled,2026-01-06T00:00:00.000000
LST-00311,TL-0046,66,completed,2026-02-07T00:00:00.000000
LST-00312,TL-0052,60,completed,2026-01-01T00:00:00.000000
LST-00313,TL-0434,25,completed,2026-02-03T00:00:00.000000
LST-00314,TL-0081,53,completed,2026-01-19T00:00:00.000000
LST-00315,TL-0147,68,completed,2026-02-03T00:00:00.000000
LST-00316,TL-0155,56,completed,2026-01-02T00:00:00.000000
LST-00317,TL-0389,72,completed,2026-01-27T00:00:00.000000
LST-00318,TL-0264,54,completed,2026-02-03T00:00:00.000000
LST-00319,TL-0209,80,active,2026-01-08T00:00:00.000000
LST-00320,TL-0063,59,completed,2026-01-09T00:00:00.000000
LST-00321,TL-0309,74,completed,2026-01-12T00:00:00.000000
LST-00322,TL-0110,73,active,2026-01-14T00:00:00.000000
LST-00323,TL-0457,97,active,2026-01-15T00:00:00.000000
LST-00324,TL-0076,36,active,2026-01-20T00:00:00.000000
LST-00325,TL-0321,76,active,2026-01-02T00:00:00.000000
LST-00326,TL-0222,82,completed,2026-01-31T00:00:00.000000
LST-00327,TL-0438,21,completed,2026-01-25T00:00:00.000000
LST-00328,TL-0219,68,completed,2026-01-10T00:00:00.000000
LST-00329,TL-0034,15,active,2026-01-17T00:00:00.000000
LST-00330,TL-0047,43,completed,2026-02-02T00:00:00.000000
LST-00331,TL-0333,11,active,2026-01-29T00:00:00.000000
LST-00332,TL-0327,48,completed,2026-01-22T00:00:00.000000
LST-00333,TL-0042,46,completed,2026-02-05T00:00:00.000000
LST-00334,TL-0297,76,completed,2026-01-26T00:00:00.000000
LST-00335,TL-0103,61,completed,2026-01-10T00:00:00.000000
LST-00336,TL-0012,22,completed,2026-01-01T00:00:00.000000
LST-00337,TL-0337,83,completed,2026-01-06T00:00:00.000000
LST-00338,TL-0280,87,active,2026-01-31T00:00:00.000000
LST-00339,TL-0177,54,completed,2026-01-20T00:00:00.000000
LST-00340,TL-0076,95,active,2026-01-01T00:00:00.000000
LST-00341,TL-0403,93,completed,2026-01-13T00:00:00.000000
LST-00342,TL-0472,33,completed,2026-01-21T00:00:00.000000
LST-00343,TL-0413,49,completed,2026-02-04T00:00:00.000000
LST-00344,TL-0141,38,completed,2026-01-12T00:00:00.000000
LST-00345,TL-0080,52,completed,2026-02-02T00:00:00.000000
LST-00346,TL-0299,57,completed,2026-01-26T00:00:00.000000
LST-00347,TL-0273,21,completed,2026-02-07T00:00:00.000000
LST-00348,TL-0013,94,completed,2026-02-10T00:00:00.000000
LST-00349,TL-0009,97,completed,2026-01-13T00:00:00.000000
LST-00350,TL-0264,44,completed,2026-02-08T00:00:00.000000
LST-00351,TL-0346,91,completed,2026-01-08T00:00:00.000000
LST-00352,TL-0016,80,completed,2026-01-05T00:00:00.000000
LST-00353,TL-0439,12,completed,2026-02-08T00:00:00.000000
LST-00354,TL-0300,56,active,2026-01-14T00:00:00.000000
LST-00355,TL-0354,26,active,2026-01-15T00:00:00.000000
LST-00356,TL-0034,57,completed,2026-01-18T00:00:00.000000
LST-00357,TL-0084,95,active,2026-01-17T00:00:00.000000
LST-00358,TL-0053,86,completed,2026-01-20T00:00:00.000000
LST-00359,TL-0491,48,completed,2026-01-09T00:00:00.000000
LST-00360,TL-0049,23,completed,2026-01-05T00:00:00.000000
LST-00361,TL-0493,75,active,2026-01-10T00:00:00.000000
LST-00362,TL-0453,24,completed,2026-02-03T00:00:00.000000
LST-00363,TL-0497,28,completed,2026-01-24T00:00:00.000000
LST-00364,TL-0390,64,completed,2026-01-25T00:00:00.000000
LST-00365,TL-0434,80,completed,2026-01-24T00:00:00.000000
LST-00366,TL-0051,99,completed,2026-01-07T00:00:00.000000
LST-00367,TL-0007,90,active,2026-01-27T00:00:00.000000
LST-00368,TL-0235,24,completed,2026-01-19T00:00:00.000000
LST-00369,TL-0414,98,completed,2026-01-01T00:00:00.000000
LST-00370,TL-0113,76,completed,2026-01-07T00:00:00.000000
LST-00371,TL-0375,71,active,2026-01-25T00:00:00.000000
LST-00372,TL-0236,39,completed,2026-01-23T00:00:00.000000
LST-00373,TL-0290,49,completed,2026-01-17T00:00:00.000000
LST-00374,TL-0336,49,active,2026-01-10T00:00:00.000000
LST-00375,TL-0085,54,completed,2026-01-09T00:00:00.000000
LST-00376,TL-0381,25,completed,2026-01-16T00:00:00.000000
LST-00377,TL-0115,44,active,2026-02-10T00:00:00.000000
LST-00378,TL-0367,27,completed,2026-01-27T00:00:00.000000
LST-00379,TL-0148,72,completed,2026-01-25T00:00:00.000000
LST-00380,TL-0137,79,completed,2026-01-04T00:00:00.000000
LST-00381,TL-0195,100,active,2026-01-18T00:00:00.000000
LST-00382,TL-0034,83,completed,2026-02-06T00:00:00.000000
LST-00383,TL-0138,49,active,2026-02-10T00:00:00.000000
LST-00384,TL-0374,75,completed,2026-01-18T00:00:00.000000
LST-00385,TL-0147,67,completed,2026-01-05T00:00:00.000000
LST-00386,TL-0141,26,completed,2026-01-26T00:00:00.000000
LST-00387,TL-0324,51,completed,2026-01-06T00:00:00.000000
LST-00388,TL-0121,20,active,2026-02-01T00:00:00.000000
LST-00389,TL-0026,90,completed,2026-01-07T00:00:00.000000
LST-00390,TL-0186,86,cancelled,2026-01-11T00:00:00.000000
LST-00391,TL-0446,92,completed,2026-02-07T00:00:00.000000
LST-00392,TL-0400,95,completed,2026-01-29T00:00:00.000000
LST-00393,TL-0439,12,completed,2026-02-09T00:00:00.000000
LST-00394,TL-0322,12,completed,2026-01-13T00:00:00.000000
LST-00395,TL-0233,90,active,2026-02-03T00:00:00.000000
LST-00396,TL-0222,60,active,2026-01-07T00:00:00.000000
LST-00397,TL-0013,65,completed,2026-01-13T00:00:00.000000
LST-00398,TL-0059,92,completed,2026-01-04T00:00:00.000000
LST-00399,TL-0046,13,completed,2026-01-16T00:00:00.000000
LST-00400,TL-0259,92,completed,2026-02-06T00:00:00.000000
LST-00401,TL-0304,90,completed,2026-01-24T00:00:00.000000
LST-00402,TL-0053,59,completed,2026-01-19T00:00:00.000000
LST-00403,TL-0169,88,active,2026-01-31T00:00:00.000000
LST-00404,TL-0203,86,active,2026-02-07T00:00:00.000000
LST-00405,TL-0474,30,completed,2026-02-07T00:00:00.000000
LST-00406,TL-0101,93,completed,2026-02-07T00:00:00.000000
LST-00407,TL-0410,54,active,2026-01-14T00:00:00.000000
LST-00408,TL-0223,58,completed,2026-01-07T00:00:00.000000
LST-00409,TL-0188,94,completed,2026-01-13T00:00:00.000000
LST-00410,TL-0132,59,completed,2026-02-09T00:00:00.000000
LST-00411,TL-0335,79,completed,2026-01-07T00:00:00.000000
LST-00412,TL-0424,33,completed,2026-01-22T00:00:00.000000
LST-00413,TL-0227,94,completed,2026-01-02T00:00:00.000000
LST-00414,TL-0288,44,cancelled,2026-01-14T00:00:00.000000
LST-00415,TL-0057,13,completed,2026-01-29T00:00:00.000000
LST-00416,TL-0122,27,active,2026-01-14T00:00:00.000000
LST-00417,TL-0317,76,completed,2026-01-03T00:00:00.000000
LST-00418,TL-0434,90,completed,2026-02-07T00:00:00.000000
LST-00419,TL-0050,58,completed,2026-01-06T00:00:00.000000
LST-00420,TL-0411,67,completed,2026-01-07T00:00:00.000000
LST-00421,TL-0385,12,completed,2026-01-15T00:00:00.000000
LST-00422,TL-0029,58,active,2026-01-24T00:00:00.000000
LST-00423,TL-0488,72,completed,2026-01-19T00:00:00.000000
LST-00424,TL-0034,26,completed,2026-01-07T00:00:00.000000
LST-00425,TL-0192,89,completed,2026-01-14T00:00:00.000000
LST-00426,TL-0424,96,completed,2026-01-11T00:00:00.000000
LST-00427,TL-0417,22,completed,2026-01-29T00:00:00.000000
LST-00428,TL-0014,80,completed,2026-01-07T00:00:00.000000
LST-00429,TL-0001,93,cancelled,2026-01-13T00:00:00.000000
LST-00430,TL-0159,83,completed,2026-01-03T00:00:00.000000
LST-00431,TL-0437,40,completed,2026-01-22T00:00:00.000000
LST-00432,TL-0310,87,completed,2026-02-01T00:00:00.000000
LST-00433,TL-0434,57,completed,2026-01-24T00:00:00.000000
LST-00434,TL-0053,46,completed,2026-02-04T00:00:00.000000
LST-00435,TL-0357,58,completed,2026-02-09T00:00:00.000000
LST-00436,TL-0044,58,completed,2026-01-14T00:00:00.000000
LST-00437,TL-0444,60,completed,2026-01-04T00:00:00.000000
LST-00438,TL-0018,74,active,2026-01-04T00:00:00.000000
LST-00439,TL-0107,61,completed,2026-01-19T00:00:00.000000
LST-00440,TL-0325,52,completed,2026-01-24T00:00:00.000000
LST-00441,TL-0296,54,completed,2026-01-26T00:00:00.000000
LST-00442,TL-0438,61,completed,2026-02-05T00:00:00.000000
LST-00443,TL-0480,87,active,2026-01-05T00:00:00.000000
LST-00444,TL-0432,85,completed,2026-02-01T00:00:00.000000
LST-00445,TL-0367,72,completed,2026-01-26T00:00:00.000000
LST-00446,TL-0025,72,completed,2026-01-30T00:00:00.000000
LST-00447,TL-0118,80,completed,2026-01-23T00:00:00.000000
LST-00448,TL-0221,37,completed,2026-02-05T00:00:00.000000
LST-00449,TL-0168,19,active,2026-01-02T00:00:00.000000
LST-00450,TL-0077,60,completed,2026-01-22T00:00:00.000000
LST-00451,TL-0283,51,completed,2026-01-22T00:00:00.000000
LST-00452,TL-0036,16,completed,2026-02-09T00:00:00.000000
LST-00453,TL-0051,48,completed,2026-01-05T00:00:00.000000
LST-00454,TL-0241,55,completed,2026-01-11T00:00:00.000000
LST-00455,TL-0080,19,active,2026-01-27T00:00:00.000000
LST-00456,TL-0343,74,completed,2026-02-06T00:00:00.000000
LST-00457,TL-0186,74,active,2026-01-28T00:00:00.000000
LST-00458,TL-0189,46,active,2026-01-02T00:00:00.000000
LST-00459,TL-0287,38,completed,2026-01-28T00:00:00.000000
LST-00460,TL-0043,48,completed,2026-01-18T00:00:00.000000
LST-00461,TL-0473,20,active,2026-02-09T00:00:00.000000
LST-00462,TL-0331,90,completed,2026-01-28T00:00:00.000000
LST-00463,TL-0008,37,completed,2026-02-02T00:00:00.000000
LST-00464,TL-0350,13,completed,2026-02-01T00:00:00.000000
LST-00465,TL-0181,33,completed,2026-01-21T00:00:00.000000
LST-00466,TL-0221,21,completed,2026-01-15T00:00:00.000000
LST-00467,TL-0044,92,completed,2026-01-02T00:00:00.000000
LST-00468,TL-0426,85,active,2026-01-06T00:00:00.000000
LST-00469,TL-0238,44,completed,2026-01-26T00:00:00.000000
LST-00470,TL-0435,49,active,2026-01-04T00:00:00.000000
LST-00471,TL-0105,56,active,2026-02-06T00:00:00.000000
LST-00472,TL-0133,99,completed,2026-01-21T00:00:00.000000
LST-00473,TL-0453,73,completed,2026-01-29T00:00:00.000000
LST-00474,TL-0432,62,active,2026-01-06T00:00:00.000000
LST-00475,TL-0491,15,completed,2026-02-03T00:00:00.000000
LST-00476,TL-0096,11,completed,2026-02-04T00:00:00.000000
LST-00477,TL-0223,57,active,2026-01-13T00:00:00.000000
LST-00478,TL-0247,15,active,2026-01-18T00:00:00.000000
LST-00479,TL-0001,96,completed,2026-01-18T00:00:00.000000
LST-00480,TL-0280,82,completed,2026-01-08T00:00:00.000000
LST-00481,TL-0219,67,completed,2026-01-05T00:00:00.000000
LST-00482,TL-0356,90,completed,2026-02-07T00:00:00.000000
LST-00483,TL-0496,80,completed,2026-01-17T00:00:00.000000
LST-00484,TL-0227,51,completed,2026-01-29T00:00:00.000000
LST-00485,TL-0129,63,completed,2026-01-29T00:00:00.000000
LST-00486,TL-0240,97,completed,2026-01-17T00:00:00.000000
LST-00487,TL-0096,52,completed,2026-01-09T00:00:00.000000
LST-00488,TL-0237,84,completed,2026-01-18T00:00:00.000000
LST-00489,TL-0054,95,completed,2026-02-01T00:00:00.000000
LST-00490,TL-0089,27,active,2026-02-04T00:00:00.000000
LST-00491,TL-0204,87,completed,2026-02-07T00:00:00.000000
LST-00492,TL-0077,51,cancelled,2026-01-02T00:00:00.000000
LST-00493,TL-0307,34,completed,2026-01-10T00:00:00.000000
LST-00494,TL-0020,68,completed,2026-01-30T00:00:00.000000
LST-00495,TL-0057,98,completed,2026-01-10T00:00:00.000000
LST-00496,TL-0406,64,completed,2026-01-09T00:00:00.000000
LST-00497,TL-0069,88,completed,2026-01-14T00:00:00.000000
LST-00498,TL-0376,59,completed,2026-01-22T00:00:00.000000
LST-00499,TL-0042,66,completed,2026-01-31T00:00:00.000000
LST-00500,TL-0442,49,completed,2026-01-24T00:00:00.000000
LST-00501,TL-0240,18,active,2026-01-21T00:00:00.000000
LST-00502,TL-0256,28,completed,2026-02-04T00:00:00.000000
LST-00503,TL-0231,38,active,2026-01-04T00:00:00.000000
LST-00504,TL-0127,97,active,2026-01-09T00:00:00.000000
LST-00505,TL-0255,19,completed,2026-02-09T00:00:00.000000
LST-00506,TL-0041,66,completed,2026-02-05T00:00:00.000000
LST-00507,TL-0157,63,active,2026-02-02T00:00:00.000000
LST-00508,TL-0110,51,completed,2026-02-04T00:00:00.000000
LST-00509,TL-0281,90,cancelled,2026-01-07T00:00:00.000000
LST-00510,TL-0267,19,completed,2026-01-08T00:00:00.000000
LST-00511,TL-0113,80,completed,2026-01-28T00:00:00.000000
LST-00512,TL-0320,45,completed,2026-01-21T00:00:00.000000
LST-00513,TL-0289,60,cancelled,2026-02-02T00:00:00.000000
LST-00514,TL-0276,86,active,2026-01-23T00:00:00.000000
LST-00515,TL-0126,59,completed,2026-01-10T00:00:00.000000
LST-00516,TL-0133,67,completed,2026-01-03T00:00:00.000000
LST-00517,TL-0296,97,completed,2026-01-12T00:00:00.000000
LST-00518,TL-0010,20,completed,2026-01-01T00:00:00.000000
LST-00519,TL-0308,94,completed,2026-01-16T00:00:00.000000
LST-00520,TL-0231,12,cancelled,2026-02-02T00:00:00.000000
LST-00521,TL-0035,96,completed,2026-02-05T00:00:00.000000
LST-00522,TL-0023,84,completed,2026-01-08T00:00:00.000000
LST-00523,TL-0073,61,completed,2026-01-06T00:00:00.000000
LST-00524,TL-0033,65,active,2026-01-25T00:00:00.000000
LST-00525,TL-0496,37,cancelled,2026-01-31T00:00:00.000000
LST-00526,TL-0369,23,completed,2026-02-02T00:00:00.000000
LST-00527,TL-0215,44,cancelled,2026-01-23T00:00:00.000000
LST-00528,TL-0461,38,active,2026-01-19T00:00:00.000000
LST-00529,TL-0165,53,completed,2026-02-02T00:00:00.000000
LST-00530,TL-0396,43,completed,2026-01-17T00:00:00.000000
LST-00531,TL-0126,80,active,2026-01-11T00:00:00.000000
LST-00532,TL-0469,96,active,2026-01-07T00:00:00.000000
LST-00533,TL-0192,65,cancelled,2026-01-07T00:00:00.000000
LST-00534,TL-0449,99,cancelled,2026-01-31T00:00:00.000000
LST-00535,TL-0088,32,completed,2026-01-16T00:00:00.000000
LST-00536,TL-0216,32,completed,2026-01-02T00:00:00.000000
LST-00537,TL-0175,84,completed,2026-01-17T00:00:00.000000
LST-00538,TL-0264,59,active,2026-01-23T00:00:00.000000
LST-00539,TL-0123,88,completed,2026-02-05T00:00:00.000000
LST-00540,TL-0167,20,completed,2026-01-03T00:00:00.000000
LST-00541,TL-0324,74,completed,2026-01-03T00:00:00.000000
LST-00542,TL-0209,97,completed,2026-02-07T00:00:00.000000
LST-00543,TL-0362,95,completed,2026-01-15T00:00:00.000000
LST-00544,TL-0046,25,completed,2026-02-06T00:00:00.000000
LST-00545,TL-0145,79,completed,2026-01-22T00:00:00.000000
LST-00546,TL-0376,98,completed,2026-02-10T00:00:00.000000
LST-00547,TL-0092,60,completed,2026-02-10T00:00:00.000000
LST-00548,TL-0078,100,active,2026-01-19T00:00:00.000000
LST-00549,TL-0339,49,completed,2026-01-30T00:00:00.000000
LST-00550,TL-0109,64,completed,2026-01-26T00:00:00.000000
LST-00551,TL-0151,74,active,2026-01-18T00:00:00.000000
LST-00552,TL-0139,12,completed,2026-01-16T00:00:00.000000
LST-00553,TL-0302,96,completed,2026-01-27T00:00:00.000000
LST-00554,TL-0147,23,completed,2026-01-11T00:00:00.000000
LST-00555,TL-0432,96,completed,2026-01-16T00:00:00.000000
LST-00556,TL-0112,87,completed,2026-01-09T00:00:00.000000
LST-00557,TL-0246,30,completed,2026-02-03T00:00:00.000000
LST-00558,TL-0404,23,completed,2026-01-08T00:00:00.000000
LST-00559,TL-0239,69,completed,2026-02-04T00:00:00.000000
LST-00560,TL-0210,95,completed,2026-02-04T00:00:00.000000
LST-00561,TL-0481,22,completed,2026-01-09T00:00:00.000000
LST-00562,TL-0225,47,active,2026-01-01T00:00:00.000000
LST-00563,TL-0395,86,completed,2026-02-05T00:00:00.000000
LST-00564,TL-0487,15,completed,2026-01-11T00:00:00.000000
LST-00565,TL-0232,80,active,2026-02-07T00:00:00.000000
LST-00566,TL-0447,90,completed,2026-01-07T00:00:00.000000
LST-00567,TL-0218,14,completed,2026-01-20T00:00:00.000000
LST-00568,TL-0175,24,completed,2026-01-27T00:00:00.000000
LST-00569,TL-0120,47,completed,2026-02-09T00:00:00.000000
LST-00570,TL-0291,73,completed,2026-01-31T00:00:00.000000
LST-00571,TL-0266,96,active,2026-01-03T00:00:00.000000
LST-00572,TL-0470,89,cancelled,2026-01-03T00:00:00.000000
LST-00573,TL-0016,42,completed,2026-01-19T00:00:00.000000
LST-00574,TL-0496,70,cancelled,2026-01-08T00:00:00.000000
LST-00575,TL-0203,45,completed,2026-01-24T00:00:00.000000
LST-00576,TL-0267,23,completed,2026-01-31T00:00:00.000000
LST-00577,TL-0123,100,completed,2026-01-04T00:00:00.000000
LST-00578,TL-0109,14,completed,2026-01-02T00:00:00.000000
LST-00579,TL-0393,99,completed,2026-01-19T00:00:00.000000
LST-00580,TL-0026,38,active,2026-01-12T00:00:00.000000
LST-00581,TL-0202,84,active,2026-01-09T00:00:00.000000
LST-00582,TL-0480,46,completed,2026-01-19T00:00:00.000000
LST-00583,TL-0256,36,completed,2026-01-09T00:00:00.000000
LST-00584,TL-0208,46,completed,2026-01-29T00:00:00.000000
LST-00585,TL-0298,99,completed,2026-01-12T00:00:00.000000
LST-00586,TL-0338,92,cancelled,2026-01-06T00:00:00.000000
LST-00587,TL-0493,49,completed,2026-01-31T00:00:00.000000
LST-00588,TL-0144,16,completed,2026-01-11T00:00:00.000000
LST-00589,TL-0468,88,active,2026-01-20T00:00:00.000000
LST-00590,TL-0310,71,completed,2026-02-06T00:00:00.000000
LST-00591,TL-0228,22,active,2026-02-08T00:00:00.000000
LST-00592,TL-0358,28,cancelled,2026-01-18T00:00:00.000000
LST-00593,TL-0436,26,active,2026-01-05T00:00:00.000000
LST-00594,TL-0428,78,completed,2026-01-13T00:00:00.000000
LST-00595,TL-0177,96,active,2026-01-20T00:00:00.000000
LST-00596,TL-0136,35,completed,2026-01-24T00:00:00.000000
LST-00597,TL-0243,68,active,2026-02-07T00:00:00.000000
LST-00598,TL-0205,77,completed,2026-01-18T00:00:00.000000
LST-00599,TL-0199,72,active,2026-02-05T00:00:00.000000
LST-00600,TL-0470,14,completed,2026-01-23T00:00:00.000000
LST-00601,TL-0143,37,completed,2026-01-10T00:00:00.000000
LST-00602,TL-0351,63,completed,2026-01-27T00:00:00.000000
LST-00603,TL-0270,48,active,2026-02-10T00:00:00.000000
LST-00604,TL-0162,66,completed,2026-01-23T00:00:00.000000
LST-00605,TL-0050,13,active,2026-02-05T00:00:00.000000
LST-00606,TL-0242,67,completed,2026-01-24T00:00:00.000000
LST-00607,TL-0270,52,completed,2026-01-30T00:00:00.000000
LST-00608,TL-0251,47,cancelled,2026-01-11T00:00:00.000000
LST-00609,TL-0248,71,completed,2026-01-13T00:00:00.000000
LST-00610,TL-0029,14,cancelled,2026-02-10T00:00:00.000000
LST-00611,TL-0002,20,completed,2026-02-09T00:00:00.000000
LST-00612,TL-0125,44,completed,2026-02-01T00:00:00.000000
LST-00613,TL-0275,94,completed,2026-01-05T00:00:00.000000
LST-00614,TL-0468,83,active,2026-01-23T00:00:00.000000
LST-00615,TL-0041,63,completed,2026-01-16T00:00:00.000000
LST-00616,TL-0122,35,completed,2026-01-21T00:00:00.000000
LST-00617,TL-0283,49,cancelled,2026-01-19T00:00:00.000000
LST-00618,TL-0234,19,completed,2026-01-23T00:00:00.000000
LST-00619,TL-0263,61,completed,2026-02-10T00:00:00.000000
LST-00620,TL-0436,71,completed,2026-01-03T00:00:00.000000
LST-00621,TL-0144,21,completed,2026-01-26T00:00:00.000000
LST-00622,TL-0205,15,completed,2026-01-28T00:00:00.000000
LST-00623,TL-0449,11,cancelled,2026-01-29T00:00:00.000000
LST-00624,TL-0153,87,completed,2026-02-05T00:00:00.000000
LST-00625,TL-0404,18,cancelled,2026-01-23T00:00:00.000000
LST-00626,TL-0137,28,active,2026-01-20T00:00:00.000000
LST-00627,TL-0298,13,completed,2026-02-05T00:00:00.000000
LST-00628,TL-0163,71,cancelled,2026-01-20T00:00:00.000000
LST-00629,TL-0456,40,completed,2026-01-31T00:00:00.000000
LST-00630,TL-0290,94,completed,2026-01-19T00:00:00.000000
LST-00631,TL-0464,68,completed,2026-01-26T00:00:00.000000
LST-00632,TL-0191,87,completed,2026-02-02T00:00:00.000000
LST-00633,TL-0455,74,cancelled,2026-01-11T00:00:00.000000
LST-00634,TL-0344,93,completed,2026-01-25T00:00:00.000000
LST-00635,TL-0159,99,completed,2026-02-04T00:00:00.000000
LST-00636,TL-0065,89,completed,2026-01-15T00:00:00.000000
LST-00637,TL-0117,27,completed,2026-02-03T00:00:00.000000
LST-00638,TL-0146,41,completed,2026-02-02T00:00:00.000000
LST-00639,TL-0015,51,completed,2026-01-24T00:00:00.000000
LST-00640,TL-0238,77,completed,2026-01-24T00:00:00.000000
LST-00641,TL-0220,61,active,2026-01-27T00:00:00.000000
LST-00642,TL-0475,38,completed,2026-01-23T00:00:00.000000
LST-00643,TL-0322,84,completed,2026-01-09T00:00:00.000000
LST-00644,TL-0480,71,cancelled,2026-02-02T00:00:00.000000
LST-00645,TL-0423,84,completed,2026-01-04T00:00:00.000000
LST-00646,TL-0391,59,completed,2026-01-22T00:00:00.000000
LST-00647,TL-0018,18,cancelled,2026-01-13T00:00:00.000000
LST-00648,TL-0241,94,completed,2026-01-26T00:00:00.000000
LST-00649,TL-0220,51,active,2026-02-05T00:00:00.000000
LST-00650,TL-0295,75,completed,2026-01-27T00:00:00.000000
LST-00651,TL-0491,100,completed,2026-01-09T00:00:00.000000
LST-00652,TL-0192,43,completed,2026-01-20T00:00:00.000000
LST-00653,TL-0092,19,completed,2026-01-20T00:00:00.000000
LST-00654,TL-0201,88,completed,2026-01-22T00:00:00.000000
LST-00655,TL-0209,20,completed,2026-01-03T00:00:00.000000
LST-00656,TL-0424,30,cancelled,2026-01-12T00:00:00.000000
LST-00657,TL-0171,34,cancelled,2026-01-03T00:00:00.000000
LST-00658,TL-0181,61,completed,2026-02-04T00:00:00.000000
LST-00659,TL-0258,20,completed,2026-02-05T00:00:00.000000
LST-00660,TL-0353,29,cancelled,2026-01-24T00:00:00.000000
LST-00661,TL-0386,34,cancelled,2026-01-09T00:00:00.000000
LST-00662,TL-0478,80,active,2026-01-02T00:00:00.000000
LST-00663,TL-0476,74,cancelled,2026-02-06T00:00:00.000000
LST-00664,TL-0379,77,completed,2026-01-19T00:00:00.000000
LST-00665,TL-0121,51,completed,2026-01-04T00:00:00.000000
LST-00666,TL-0301,87,completed,2026-01-20T00:00:00.000000
LST-00667,TL-0252,69,completed,2026-02-07T00:00:00.000000
LST-00668,TL-0431,69,completed,2026-01-20T00:00:00.000000
LST-00669,TL-0206,89,completed,2026-01-20T00:00:00.000000
LST-00670,TL-0443,92,completed,2026-01-30T00:00:00.000000
LST-00671,TL-0472,62,completed,2026-01-16T00:00:00.000000
LST-00672,TL-0145,68,completed,2026-01-01T00:00:00.000000
LST-00673,TL-0159,35,active,2026-01-01T00:00:00.000000
LST-00674,TL-0305,31,completed,2026-01-13T00:00:00.000000
LST-00675,TL-0314,58,completed,2026-01-15T00:00:00.000000
LST-00676,TL-0376,59,cancelled,2026-01-13T00:00:00.000000
LST-00677,TL-0480,95,completed,2026-01-22T00:00:00.000000
LST-00678,TL-0451,52,cancelled,2026-01-14T00:00:00.000000
LST-00679,TL-0268,77,completed,2026-02-01T00:00:00.000000
LST-00680,TL-0073,10,completed,2026-01-25T00:00:00.000000
LST-00681,TL-0299,93,completed,2026-01-08T00:00:00.000000
LST-00682,TL-0045,96,active,2026-01-30T00:00:00.000000
LST-00683,TL-0481,43,completed,2026-01-26T00:00:00.000000
LST-00684,TL-0166,46,completed,2026-02-04T00:00:00.000000
LST-00685,TL-0191,59,completed,2026-01-11T00:00:00.000000
LST-00686,TL-0373,58,completed,2026-01-28T00:00:00.000000
LST-00687,TL-0399,31,completed,2026-01-29T00:00:00.000000
LST-00688,TL-0391,47,completed,2026-01-16T00:00:00.000000
LST-00689,TL-0276,90,completed,2026-01-06T00:00:00.000000
LST-00690,TL-0475,15,completed,2026-02-02T00:00:00.000000
LST-00691,TL-0034,10,active,2026-02-09T00:00:00.000000
LST-00692,TL-0426,29,completed,2026-01-31T00:00:00.000000
LST-00693,TL-0452,46,cancelled,2026-02-04T00:00:00.000000
LST-00694,TL-0387,18,completed,2026-01-04T00:00:00.000000
LST-00695,TL-0143,53,active,2026-01-03T00:00:00.000000
LST-00696,TL-0198,32,completed,2026-01-31T00:00:00.000000
LST-00697,TL-0304,68,active,2026-02-06T00:00:00.000000
LST-00698,TL-0362,58,completed,2026-02-01T00:00:00.000000
LST-00699,TL-0366,88,completed,2026-01-04T00:00:00.000000
LST-00700,TL-0088,27,active,2026-01-18T00:00:00.000000
LST-00701,TL-0005,87,completed,2026-01-12T00:00:00.000000
LST-00702,TL-0173,29,active,2026-01-24T00:00:00.000000
LST-00703,TL-0183,72,completed,2026-01-22T00:00:00.000000
LST-00704,TL-0186,51,completed,2026-01-24T00:00:00.000000
LST-00705,TL-0442,87,completed,2026-01-10T00:00:00.000000
LST-00706,TL-0294,91,completed,2026-01-20T00:00:00.000000
LST-00707,TL-0141,78,active,2026-01-05T00:00:00.000000
LST-00708,TL-0150,44,active,2026-01-11T00:00:00.000000
LST-00709,TL-0302,26,completed,2026-01-22T00:00:00.000000
LST-00710,TL-0321,83,completed,2026-01-10T00:00:00.000000
LST-00711,TL-0485,84,completed,2026-01-02T00:00:00.000000
LST-00712,TL-0049,91,completed,2026-01-04T00:00:00.000000
LST-00713,TL-0482,14,completed,2026-02-03T00:00:00.000000
LST-00714,TL-0393,85,completed,2026-01-02T00:00:00.000000
LST-00715,TL-0436,34,completed,2026-01-22T00:00:00.000000
LST-00716,TL-0209,79,completed,2026-01-03T00:00:00.000000
LST-00717,TL-0181,44,completed,2026-01-21T00:00:00.000000
LST-00718,TL-0118,60,completed,2026-01-23T00:00:00.000000
LST-00719,TL-0025,51,completed,2026-01-25T00:00:00.000000
LST-00720,TL-0448,97,cancelled,2026-01-04T00:00:00.000000
LST-00721,TL-0458,55,cancelled,2026-01-24T00:00:00.000000
LST-00722,TL-0087,34,active,2026-01-27T00:00:00.000000
LST-00723,TL-0387,89,completed,2026-01-03T00:00:00.000000
LST-00724,TL-0294,28,active,2026-01-17T00:00:00.000000
LST-00725,TL-0345,63,completed,2026-01-02T00:00:00.000000
LST-00726,TL-0457,24,completed,2026-01-15T00:00:00.000000
LST-00727,TL-0204,78,active,2026-01-03T00:00:00.000000
LST-00728,TL-0218,65,completed,2026-01-28T00:00:00.000000
LST-00729,TL-0447,75,completed,2026-01-27T00:00:00.000000
LST-00730,TL-0259,60,completed,2026-01-26T00:00:00.000000
LST-00731,TL-0048,77,completed,2026-01-20T00:00:00.000000
LST-00732,TL-0150,84,active,2026-01-19T00:00:00.000000
LST-00733,TL-0327,30,active,2026-01-22T00:00:00.000000
LST-00734,TL-0458,45,completed,2026-02-03T00:00:00.000000
LST-00735,TL-0060,70,completed,2026-01-26T00:00:00.000000
LST-00736,TL-0087,84,completed,2026-01-09T00:00:00.000000
LST-00737,TL-0249,73,cancelled,2026-01-08T00:00:00.000000
LST-00738,TL-0009,29,completed,2026-01-07T00:00:00.000000
LST-00739,TL-0418,76,completed,2026-02-06T00:00:00.000000
LST-00740,TL-0079,86,completed,2026-02-09T00:00:00.000000
LST-00741,TL-0319,10,active,2026-02-09T00:00:00.000000
LST-00742,TL-0080,21,completed,2026-01-15T00:00:00.000000
LST-00743,TL-0183,30,completed,2026-01-18T00:00:00.000000
LST-00744,TL-0275,100,active,2026-01-11T00:00:00.000000
LST-00745,TL-0035,32,completed,2026-01-27T00:00:00.000000
LST-00746,TL-0237,48,completed,2026-01-05T00:00:00.000000
LST-00747,TL-0147,36,active,2026-01-01T00:00:00.000000
LST-00748,TL-0441,33,completed,2026-01-18T00:00:00.000000
LST-00749,TL-0224,85,completed,2026-01-07T00:00:00.000000
LST-00750,TL-0445,85,completed,2026-01-18T00:00:00.000000
LST-00751,TL-0014,92,completed,2026-01-11T00:00:00.000000
LST-00752,TL-0424,56,completed,2026-02-04T00:00:00.000000
LST-00753,TL-0163,76,completed,2026-01-16T00:00:00.000000
LST-00754,TL-0346,19,completed,2026-01-08T00:00:00.000000
LST-00755,TL-0160,64,cancelled,2026-01-20T00:00:00.000000
LST-00756,TL-0327,34,completed,2026-01-18T00:00:00.000000
LST-00757,TL-0496,45,completed,2026-02-01T00:00:00.000000
LST-00758,TL-0496,52,completed,2026-01-29T00:00:00.000000
LST-00759,TL-0079,13,completed,2026-01-24T00:00:00.000000
LST-00760,TL-0084,73,completed,2026-01-28T00:00:00.000000
LST-00761,TL-0464,82,cancelled,2026-01-06T00:00:00.000000
LST-00762,TL-0133,41,completed,2026-01-30T00:00:00.000000
LST-00763,TL-0106,56,completed,2026-01-15T00:00:00.000000
LST-00764,TL-0038,94,completed,2026-01-28T00:00:00.000000
LST-00765,TL-0317,21,completed,2026-02-03T00:00:00.000000
LST-00766,TL-0283,34,completed,2026-01-27T00:00:00.000000
LST-00767,TL-0461,59,completed,2026-01-09T00:00:00.000000
LST-00768,TL-0485,76,completed,2026-02-01T00:00:00.000000
LST-00769,TL-0467,98,completed,2026-02-07T00:00:00.000000
LST-00770,TL-0426,58,completed,2026-01-23T00:00:00.000000
LST-00771,TL-0484,12,completed,2026-01-18T00:00:00.000000
LST-00772,TL-0367,83,completed,2026-01-10T00:00:00.000000
LST-00773,TL-0399,67,active,2026-02-04T00:00:00.000000
LST-00774,TL-0477,36,cancelled,2026-01-23T00:00:00.000000
LST-00775,TL-0340,46,active,2026-01-30T00:00:00.000000
LST-00776,TL-0248,74,completed,2026-01-20T00:00:00.000000
LST-00777,TL-0395,17,active,2026-01-07T00:00:00.000000
LST-00778,TL-0269,58,cancelled,2026-01-04T00:00:00.000000
LST-00779,TL-0294,30,completed,2026-01-13T00:00:00.000000
LST-00780,TL-0271,100,active,2026-01-04T00:00:00.000000
LST-00781,TL-0164,93,completed,2026-01-12T00:00:00.000000
LST-00782,TL-0378,84,completed,2026-01-27T00:00:00.000000
LST-00783,TL-0206,89,cancelled,2026-02-06T00:00:00.000000
LST-00784,TL-0329,25,active,2026-01-16T00:00:00.000000
LST-00785,TL-0159,57,completed,2026-01-18T00:00:00.000000
LST-00786,TL-0331,94,completed,2026-01-04T00:00:00.000000
LST-00787,TL-0470,23,active,2026-02-10T00:00:00.000000
LST-00788,TL-0208,91,completed,2026-02-04T00:00:00.000000
LST-00789,TL-0104,52,completed,2026-02-09T00:00:00.000000
LST-00790,TL-0093,25,completed,2026-01-30T00:00:00.000000
LST-00791,TL-0337,53,completed,2026-01-02T00:00:00.000000
LST-00792,TL-0333,35,completed,2026-01-27T00:00:00.000000
LST-00793,TL-0215,38,completed,2026-02-05T00:00:00.000000
LST-00794,TL-0115,91,completed,2026-01-03T00:00:00.000000
LST-00795,TL-0447,17,completed,2026-02-05T00:00:00.000000
LST-00796,TL-0321,48,completed,2026-02-05T00:00:00.000000
LST-00797,TL-0372,24,cancelled,2026-01-04T00:00:00.000000
LST-00798,TL-0362,11,active,2026-01-24T00:00:00.000000
LST-00799,TL-0193,53,completed,2026-01-23T00:00:00.000000
