user_id,signup_date,user_tier,region
TL0000,2026-01-07T00:00:00.000000,Eco-Ally,Europe
TL0001,2026-01-24T00:00:00.000000,Eco-Ally,Asia
TL0002,2026-01-17T00:00:00.000000,Eco-Ally,Europe
TL0003,2026-01-18T00:00:00.000000,Basic,
TL0004,2026-01-07T00:00:00.000000,Basic,North America
TL0005,2026-01-24T00:00:00.000000,Basic,North America
TL0006,2026-01-12T00:00:00.000000,Eco-Ally,Europe
TL0007,2026-01-27T00:00:00.000000,Basic,Europe
TL0008,2026-01-27T00:00:00.000000,Basic,Asia
TL0009,2026-01-18T00:00:00.000000,Basic,
TL0010,2026-01-19T00:00:00.000000,Basic,Europe
TL0011,2026-01-10T00:00:00.000000,Eco-Ally,
TL0012,2026-01-13T00:00:00.000000,Basic,
TL0013,2026-01-08T00:00:00.000000,Eco-Ally,
TL0014,2026-01-30T00:00:00.000000,Basic,
TL0015,2026-01-24T00:00:00.000000,Premium,Asia
TL0016,2026-01-20T00:00:00.000000,Eco-Ally,North America
TL0017,2026-01-20T00:00:00.000000,Basic,Europe
TL0018,2026-01-16T00:00:00.000000,Basic,Europe
TL0019,2026-01-02T00:00:00.000000,Eco-Ally,
TL0020,2026-01-15T00:00:00.000000,Basic,Asia
TL0021,2026-01-07T00:00:00.000000,Eco-Ally,North America
TL0022,2026-01-24T00:00:00.000000,Premium,Asia
TL0023,2026-01-27T00:00:00.000000,Basic,Europe
TL0024,2026-01-09T00:00:00.000000,Basic,Asia
TL0025,2026-01-14T00:00:00.000000,Eco-Ally,Asia
TL0026,2026-01-25T00:00:00.000000,Basic,Asia
TL0027,2026-01-19T00:00:00.000000,Basic,North America
TL0028,2026-01-14T00:00:00.000000,Basic,Europe
TL0029,2026-01-05T00:00:00.000000,Basic,Asia
TL0030,2026-01-09T00:00:00.000000,Eco-Ally,
TL0031,2026-01-14T00:00:00.000000,Basic,Europe
TL0032,2026-01-05T00:00:00.000000,Basic,North America
TL0033,2026-01-13T00:00:00.000000,Basic,Asia
TL0034,2026-01-08T00:00:00.000000,Eco-Ally,
TL0035,2026-01-10T00:00:00.000000,Basic,Europe
TL0036,2026-01-30T00:00:00.000000,Basic,North America
TL0037,2026-01-10T00:00:00.000000,Premium,Asia
TL0038,2026-01-16T00:00:00.000000,Basic,Asia
TL0039,2026-01-31T00:00:00.000000,Eco-Ally,Europe
TL0040,2026-01-16T00:00:00.000000,Eco-Ally,
TL0041,2026-01-21T00:00:00.000000,Basic,North America
TL0042,2026-01-11T00:00:00.000000,Eco-Ally,North America
TL0043,2026-01-13T00:00:00.000000,Basic,Europe
TL0044,2026-01-16T00:00:00.000000,Basic,North America
TL0045,2026-01-15T00:00:00.000000,Basic,Asia
TL0046,2026-01-25T00:00:00.000000,Basic,North America
TL0047,2026-01-14T00:00:00.000000,Basic,North America
TL0048,2026-01-14T00:00:00.000000,Basic,North America
TL0049,2026-01-13T00:00:00.000000,Basic,North America
TL0050,2026-01-11T00:00:00.000000,Basic,Asia
TL0051,2026-01-24T00:00:00.000000,Eco-Ally,
TL0052,2026-01-18T00:00:00.000000,Basic,Europe
TL0053,2026-01-24T00:00:00.000000,Basic,Europe
TL0054,2026-01-09T00:00:00.000000,Basic,
TL0055,2026-01-20T00:00:00.000000,Eco-Ally,North America
TL0056,2026-01-05T00:00:00.000000,Eco-Ally,Asia
TL0057,2026-01-01T00:00:00.000000,Eco-Ally,Asia
TL0058,2026-01-17T00:00:00.000000,Basic,Asia
TL0059,2026-01-31T00:00:00.000000,Basic,
TL0060,2026-01-30T00:00:00.000000,Basic,
TL0061,2026-01-21T00:00:00.000000,Basic,
TL0062,2026-01-31T00:00:00.000000,Basic,North America
TL0063,2026-01-06T00:00:00.000000,Eco-Ally,North America
TL0064,2026-01-19T00:00:00.000000,Premium,
TL0065,2026-01-24T00:00:00.000000,Basic,Europe
TL0066,2026-01-10T00:00:00.000000,Basic,
TL0067,2026-01-30T00:00:00.000000,Eco-Ally,North America
TL0068,2026-01-11T00:00:00.000000,Basic,
TL0069,2026-01-11T00:00:00.000000,Premium,Asia
TL0070,2026-01-30T00:00:00.000000,Basic,Europe
TL0071,2026-01-29T00:00:00.000000,Basic,Asia
TL0072,2026-01-18T00:00:00.000000,Premium,
TL0073,2026-01-24T00:00:00.000000,Eco-Ally,North America
TL0074,2026-01-24T00:00:00.000000,Basic,North America
TL0075,2026-01-10T00:00:00.000000,Basic,North America
TL0076,2026-01-22T00:00:00.000000,Basic,North America
TL0077,2026-01-06T00:00:00.000000,Eco-Ally,Asia
TL0078,2026-01-11T00:00:00.000000,Basic,Europe
TL0079,2026-01-05T00:00:00.000000,Basic,Asia
TL0080,2026-01-25T00:00:00.000000,Basic,Europe
TL0081,2026-01-27T00:00:00.000000,Eco-Ally,
TL0082,2026-01-03T00:00:00.000000,Premium,
TL0083,2026-01-13T00:00:00.000000,Basic,Europe
TL0084,2026-01-15T00:00:00.000000,Eco-Ally,Europe
TL0085,2026-01-03T00:00:00.000000,Basic,Asia
TL0086,2026-01-14T00:00:00.000000,Basic,North America
TL0087,2026-01-19T00:00:00.000000,Basic,Europe
TL0088,2026-01-29T00:00:00.000000,Eco-Ally,
TL0089,2026-01-25T00:00:00.000000,Eco-Ally,Europe
TL0090,2026-01-05T00:00:00.000000,Basic,
TL0091,2026-01-15T00:00:00.000000,Basic,Europe
TL0092,2026-01-26T00:00:00.000000,Basic,
TL0093,2026-01-13T00:00:00.000000,Basic,Europe
TL0094,2026-01-30T00:00:00.000000,Basic,Asia
TL0095,2026-01-30T00:00:00.000000,Basic,Europe
TL0096,2026-01-05T00:00:00.000000,Basic,North America
TL0097,2026-01-09T00:00:00.000000,Basic,Asia
TL0098,2026-01-02T00:00:00.000000,Basic,North America
TL0099,2026-01-25T00:00:00.000000,Basic,Asia
TL0100,2026-01-28T00:00:00.000000,Basic,Europe
TL0101,2026-01-02T00:00:00.000000,Eco-Ally,Europe
TL0102,2026-01-09T00:00:00.000000,Eco-Ally,Asia
TL0103,2026-01-13T00:00:00.000000,Eco-Ally,Asia
TL0104,2026-01-23T00:00:00.000000,Basic,Europe
TL0105,2026-01-05T00:00:00.000000,Eco-Ally,North America
TL0106,2026-01-05T00:00:00.000000,Premium,Asia
TL0107,2026-01-01T00:00:00.000000,Eco-Ally,Asia
TL0108,2026-01-24T00:00:00.000000,Basic,Europe
TL0109,2026-01-04T00:00:00.000000,Basic,Asia
TL0110,2026-01-11T00:00:00.000000,Eco-Ally,Europe
TL0111,2026-01-07T00:00:00.000000,Eco-Ally,
TL0112,2026-01-05T00:00:00.000000,Basic,Europe
TL0113,2026-01-18T00:00:00.000000,Basic,Europe
TL0114,2026-01-03T00:00:00.000000,Eco-Ally,Asia
TL0115,2026-01-31T00:00:00.000000,Basic,Europe
TL0116,2026-01-11T00:00:00.000000,Basic,North America
TL0117,2026-01-03T00:00:00.000000,Eco-Ally,Asia
TL0118,2026-01-18T00:00:00.000000,Eco-Ally,Asia
TL0119,2026-01-29T00:00:00.000000,Eco-Ally,
TL0120,2026-01-15T00:00:00.000000,Basic,North America
TL0121,2026-01-28T00:00:00.000000,Basic,Asia
TL0122,2026-01-30T00:00:00.000000,Eco-Ally,
TL0123,2026-01-17T00:00:00.000000,Basic,Asia
TL0124,2026-01-29T00:00:00.000000,Basic,
TL0125,2026-01-22T00:00:00.000000,Eco-Ally,Europe
TL0126,2026-01-04T00:00:00.000000,Eco-Ally,Europe
TL0127,2026-01-12T00:00:00.000000,Premium,North America
TL0128,2026-01-30T00:00:00.000000,Eco-Ally,Asia
TL0129,2026-01-23T00:00:00.000000,Eco-Ally,Asia
TL0130,2026-01-20T00:00:00.000000,Basic,
TL0131,2026-01-14T00:00:00.000000,Basic,Asia
TL0132,2026-01-14T00:00:00.000000,Eco-Ally,North America
TL0133,2026-01-12T00:00:00.000000,Basic,
TL0134,2026-01-30T00:00:00.000000,Basic,Asia
TL0135,2026-01-04T00:00:00.000000,Premium,
TL0136,2026-01-11T00:00:00.000000,Basic,Asia
TL0137,2026-01-05T00:00:00.000000,Basic,North America
TL0138,2026-01-07T00:00:00.000000,Eco-Ally,North America
TL0139,2026-01-13T00:00:00.000000,Basic,North America
TL0140,2026-01-21T00:00:00.000000,Eco-Ally,North America
TL0141,2026-01-21T00:00:00.000000,Basic,
TL0142,2026-01-24T00:00:00.000000,Premium,North America
TL0143,2026-01-13T00:00:00.000000,Basic,
TL0144,2026-01-24T00:00:00.000000,Basic,Europe
TL0145,2026-01-11T00:00:00.000000,Eco-Ally,Europe
TL0146,2026-01-25T00:00:00.000000,Premium,Europe
TL0147,2026-01-19T00:00:00.000000,Basic,
TL0148,2026-01-11T00:00:00.000000,Basic,North America
TL0149,2026-01-24T00:00:00.000000,Eco-Ally,
TL0150,2026-01-15T00:00:00.000000,Premium,
TL0151,2026-01-21T00:00:00.000000,Basic,Asia
TL0152,2026-01-02T00:00:00.000000,Basic,Asia
TL0153,2026-01-19T00:00:00.000000,Basic,North America
TL0154,2026-01-29T00:00:00.000000,Basic,Europe
TL0155,2026-01-12T00:00:00.000000,Basic,
TL0156,2026-01-31T00:00:00.000000,Premium,Europe
TL0157,2026-01-08T00:00:00.000000,Basic,Asia
TL0158,2026-01-15T00:00:00.000000,Basic,Europe
TL0159,2026-01-25T00:00:00.000000,Premium,North America
TL0160,2026-01-08T00:00:00.000000,Basic,Asia
TL0161,2026-01-17T00:00:00.000000,Basic,Asia
TL0162,2026-01-12T00:00:00.000000,Basic,Europe
TL0163,2026-01-23T00:00:00.000000,Eco-Ally,Europe
TL0164,2026-01-07T00:00:00.000000,Basic,North America
TL0165,2026-01-09T00:00:00.000000,Eco-Ally,North America
TL0166,2026-01-28T00:00:00.000000,Basic,North America
TL0167,2026-01-25T00:00:00.000000,Eco-Ally,Asia
TL0168,2026-01-26T00:00:00.000000,Basic,Europe
TL0169,2026-01-11T00:00:00.000000,Basic,Europe
TL0170,2026-01-15T00:00:00.000000,Eco-Ally,North America
TL0171,2026-01-02T00:00:00.000000,Basic,North America
TL0172,2026-01-08T00:00:00.000000,Basic,Europe
TL0173,2026-01-22T00:00:00.000000,Eco-Ally,Europe
TL0174,2026-01-14T00:00:00.000000,Basic,
TL0175,2026-01-11T00:00:00.000000,Basic,North America
TL0176,2026-01-15T00:00:00.000000,Basic,
TL0177,2026-01-31T00:00:00.000000,Basic,Asia
TL0178,2026-01-28T00:00:00.000000,Premium,Asia
TL0179,2026-01-05T00:00:00.000000,Basic,Asia
TL0180,2026-01-07T00:00:00.000000,Eco-Ally,Europe
TL0181,2026-01-09T00:00:00.000000,Basic,Europe
TL0182,2026-01-19T00:00:00.000000,Basic,Asia
TL0183,2026-01-28T00:00:00.000000,Eco-Ally,Europe
TL0184,2026-01-03T00:00:00.000000,Basic,
TL0185,2026-01-25T00:00:00.000000,Basic,Asia
TL0186,2026-01-17T00:00:00.000000,Basic,North America
TL0187,2026-01-15T00:00:00.000000,Eco-Ally,
TL0188,2026-01-23T00:00:00.000000,Basic,North America
TL0189,2026-01-22T00:00:00.000000,Eco-Ally,Asia
TL0190,2026-01-19T00:00:00.000000,Premium,
TL0191,2026-01-01T00:00:00.000000,Basic,North America
TL0192,2026-01-13T00:00:00.000000,Basic,Asia
TL0193,2026-01-09T00:00:00.000000,Eco-Ally,Europe
TL0194,2026-01-29T00:00:00.000000,Basic,North America
TL0195,2026-01-29T00:00:00.000000,Eco-Ally,Asia
TL0196,2026-01-23T00:00:00.000000,Basic,North America
TL0197,2026-01-21T00:00:00.000000,Eco-Ally,North America
TL0198,2026-01-08T00:00:00.000000,Basic,Asia
TL0199,2026-01-02T00:00:00.000000,Eco-Ally,North America
TL0200,2026-01-19T00:00:00.000000,Eco-Ally,Europe
TL0201,2026-01-01T00:00:00.000000,Basic,Asia
TL0202,2026-01-02T00:00:00.000000,Basic,Europe
TL0203,2026-01-11T00:00:00.000000,Basic,Europe
TL0204,2026-01-15T00:00:00.000000,Premium,
TL0205,2026-01-11T00:00:00.000000,Basic,North America
TL0206,2026-01-04T00:00:00.000000,Basic,Asia
TL0207,2026-01-19T00:00:00.000000,Basic,
TL0208,2026-01-31T00:00:00.000000,Eco-Ally,
TL0209,2026-01-12T00:00:00.000000,Eco-Ally,North America
TL0210,2026-01-23T00:00:00.000000,Eco-Ally,Asia
TL0211,2026-01-21T00:00:00.000000,Basic,North America
TL0212,2026-01-03T00:00:00.000000,Basic,
TL0213,2026-01-27T00:00:00.000000,Eco-Ally,
TL0214,2026-01-12T00:00:00.000000,Premium,Europe
TL0215,2026-01-11T00:00:00.000000,Basic,Asia
TL0216,2026-01-17T00:00:00.000000,Premium,Asia
TL0217,2026-01-24T00:00:00.000000,Basic,North America
TL0218,2026-01-08T00:00:00.000000,Premium,Europe
TL0219,2026-01-30T00:00:00.000000,Eco-Ally,
TL0220,2026-01-26T00:00:00.000000,Basic,
TL0221,2026-01-02T00:00:00.000000,Eco-Ally,Asia
TL0222,2026-01-19T00:00:00.000000,Eco-Ally,North America
TL0223,2026-01-24T00:00:00.000000,Basic,Asia
TL0224,2026-01-05T00:00:00.000000,Basic,North America
TL0225,2026-01-25T00:00:00.000000,Basic,
TL0226,2026-01-08T00:00:00.000000,Basic,Asia
TL0227,2026-01-01T00:00:00.000000,Premium,Europe
TL0228,2026-01-10T00:00:00.000000,Premium,North America
TL0229,2026-01-04T00:00:00.000000,Basic,
TL0230,2026-01-09T00:00:00.000000,Eco-Ally,Europe
TL0231,2026-01-08T00:00:00.000000,Basic,Asia
TL0232,2026-01-06T00:00:00.000000,Basic,North America
TL0233,2026-01-31T00:00:00.000000,Basic,
TL0234,2026-01-11T00:00:00.000000,Eco-Ally,Europe
TL0235,2026-01-27T00:00:00.000000,Basic,North America
TL0236,2026-01-11T00:00:00.000000,Basic,
TL0237,2026-01-28T00:00:00.000000,Basic,North America
TL0238,2026-01-29T00:00:00.000000,Basic,Asia
TL0239,2026-01-10T00:00:00.000000,Premium,North America
TL0240,2026-01-30T00:00:00.000000,Basic,Asia
TL0241,2026-01-04T00:00:00.000000,Basic,
TL0242,2026-01-01T00:00:00.000000,Basic,
TL0243,2026-01-23T00:00:00.000000,Basic,North America
TL0244,2026-01-08T00:00:00.000000,Premium,Asia
TL0245,2026-01-24T00:00:00.000000,Basic,Asia
TL0246,2026-01-26T00:00:00.000000,Basic,
TL0247,2026-01-12T00:00:00.000000,Basic,
TL0248,2026-01-20T00:00:00.000000,Basic,Europe
TL0249,2026-01-20T00:00:00.000000,Eco-Ally,North America
TL0250,2026-01-04T00:00:00.000000,Premium,North America
TL0251,2026-01-06T00:00:00.000000,Eco-Ally,North America
TL0252,2026-01-09T00:00:00.000000,Basic,
TL0253,2026-01-03T00:00:00.000000,Eco-Ally,
TL0254,2026-01-27T00:00:00.000000,Premium,Asia
TL0255,2026-01-17T00:00:00.000000,Basic,
TL0256,2026-01-23T00:00:00.000000,Basic,
TL0257,2026-01-21T00:00:00.000000,Basic,Europe
TL0258,2026-01-31T00:00:00.000000,Eco-Ally,North America
TL0259,2026-01-11T00:00:00.000000,Basic,
TL0260,2026-01-07T00:00:00.000000,Basic,North America
TL0261,2026-01-15T00:00:00.000000,Basic,Asia
TL0262,2026-01-21T00:00:00.000000,Premium,
TL0263,2026-01-11T00:00:00.000000,Basic,North America
TL0264,2026-01-14T00:00:00.000000,Basic,
TL0265,2026-01-18T00:00:00.000000,Basic,North America
TL0266,2026-01-25T00:00:00.000000,Basic,North America
TL0267,2026-01-29T00:00:00.000000,Basic,Europe
TL0268,2026-01-13T00:00:00.000000,Eco-Ally,Asia
TL0269,2026-01-27T00:00:00.000000,Basic,
TL0270,2026-01-27T00:00:00.000000,Basic,
TL0271,2026-01-22T00:00:00.000000,Basic,North America
TL0272,2026-01-30T00:00:00.000000,Basic,Europe
TL0273,2026-01-19T00:00:00.000000,Eco-Ally,North America
TL0274,2026-01-28T00:00:00.000000,Premium,
TL0275,2026-01-18T00:00:00.000000,Basic,Europe
TL0276,2026-01-27T00:00:00.000000,Basic,
TL0277,2026-01-16T00:00:00.000000,Basic,
TL0278,2026-01-05T00:00:00.000000,Eco-Ally,
TL0279,2026-01-31T00:00:00.000000,Eco-Ally,North America
TL0280,2026-01-10T00:00:00.000000,Basic,Asia
TL0281,2026-01-03T00:00:00.000000,Basic,
TL0282,2026-01-24T00:00:00.000000,Basic,Asia
TL0283,2026-01-13T00:00:00.000000,Basic,Asia
TL0284,2026-01-17T00:00:00.000000,Eco-Ally,Europe
TL0285,2026-01-01T00:00:00.000000,Eco-Ally,Asia
TL0286,2026-01-28T00:00:00.000000,Eco-Ally,North America
TL0287,2026-01-21T00:00:00.000000,Eco-Ally,North America
TL0288,2026-01-18T00:00:00.000000,Basic,Asia
TL0289,2026-01-01T00:00:00.000000,Premium,
TL0290,2026-01-04T00:00:00.000000,Basic,North America
TL0291,2026-01-11T00:00:00.000000,Basic,North America
TL0292,2026-01-17T00:00:00.000000,Premium,Europe
TL0293,2026-01-04T00:00:00.000000,Premium,Europe
TL0294,2026-01-18T00:00:00.000000,Basic,North America
TL0295,2026-01-24T00:00:00.000000,Eco-Ally,Asia
TL0296,2026-01-18T00:00:00.000000,Basic,Europe
TL0297,2026-01-29T00:00:00.000000,Premium,Asia
TL0298,2026-01-08T00:00:00.000000,Basic,Europe
TL0299,2026-01-19T00:00:00.000000,Premium,Europe
TL0300,2026-01-02T00:00:00.000000,Basic,North America
TL0301,2026-01-07T00:00:00.000000,Basic,Europe
TL0302,2026-01-08T00:00:00.000000,Basic,Asia
TL0303,2026-01-06T00:00:00.000000,Basic,North America
TL0304,2026-01-19T00:00:00.000000,Basic,North America
TL0305,2026-01-01T00:00:00.000000,Eco-Ally,Europe
TL0306,2026-01-02T00:00:00.000000,Basic,North America
TL0307,2026-01-28T00:00:00.000000,Basic,
TL0308,2026-01-08T00:00:00.000000,Eco-Ally,Europe
TL0309,2026-01-01T00:00:00.000000,Basic,Europe
TL0310,2026-01-18T00:00:00.000000,Basic,Europe
TL0311,2026-01-20T00:00:00.000000,Basic,Asia
TL0312,2026-01-24T00:00:00.000000,Eco-Ally,
TL0313,2026-01-20T00:00:00.000000,Basic,Asia
TL0314,2026-01-03T00:00:00.000000,Eco-Ally,Asia
TL0315,2026-01-16T00:00:00.000000,Basic,Europe
TL0316,2026-01-07T00:00:00.000000,Eco-Ally,
TL0317,2026-01-25T00:00:00.000000,Basic,Europe
TL0318,2026-01-28T00:00:00.000000,Basic,Asia
TL0319,2026-01-02T00:00:00.000000,Eco-Ally,
TL0320,2026-01-17T00:00:00.000000,Basic,
TL0321,2026-01-12T00:00:00.000000,Basic,
TL0322,2026-01-12T00:00:00.000000,Basic,North America
TL0323,2026-01-01T00:00:00.000000,Eco-Ally,North America
TL0324,2026-01-17T00:00:00.000000,Premium,North America
TL0325,2026-01-31T00:00:00.000000,Eco-Ally,Asia
TL0326,2026-01-25T00:00:00.000000,Eco-Ally,
TL0327,2026-01-07T00:00:00.000000,Basic,
TL0328,2026-01-20T00:00:00.000000,Eco-Ally,Europe
TL0329,2026-01-20T00:00:00.000000,Basic,Europe
TL0330,2026-01-24T00:00:00.000000,Eco-Ally,Asia
TL0331,2026-01-18T00:00:00.000000,Eco-Ally,Europe
TL0332,2026-01-15T00:00:00.000000,Premium,North America
TL0333,2026-01-19T00:00:00.000000,Premium,
TL0334,2026-01-03T00:00:00.000000,Eco-Ally,North America
TL0335,2026-01-30T00:00:00.000000,Basic,Europe
TL0336,2026-01-02T00:00:00.000000,Eco-Ally,Asia
TL0337,2026-01-18T00:00:00.000000,Basic,
TL0338,2026-01-18T00:00:00.000000,Basic,North America
TL0339,2026-01-15T00:00:00.000000,Basic,
TL0340,2026-01-19T00:00:00.000000,Basic,North America
TL0341,2026-01-12T00:00:00.000000,Eco-Ally,Europe
TL0342,2026-01-29T00:00:00.000000,Eco-Ally,Europe
TL0343,2026-01-17T00:00:00.000000,Basic,Asia
TL0344,2026-01-02T00:00:00.000000,Basic,Europe
TL0345,2026-01-25T00:00:00.000000,Basic,Europe
TL0346,2026-01-04T00:00:00.000000,Eco-Ally,North America
TL0347,2026-01-01T00:00:00.000000,Basic,North America
TL0348,2026-01-16T00:00:00.000000,Basic,Europe
TL0349,2026-01-28T00:00:00.000000,Basic,North America
TL0350,2026-01-07T00:00:00.000000,Basic,Asia
TL0351,2026-01-30T00:00:00.000000,Eco-Ally,Europe
TL0352,2026-01-29T00:00:00.000000,Basic,Asia
TL0353,2026-01-31T00:00:00.000000,Basic,
TL0354,2026-01-05T00:00:00.000000,Eco-Ally,Europe
TL0355,2026-01-04T00:00:00.000000,Eco-Ally,Europe
TL0356,2026-01-13T00:00:00.000000,Basic,
TL0357,2026-01-02T00:00:00.000000,Basic,North America
TL0358,2026-01-20T00:00:00.000000,Eco-Ally,
TL0359,2026-01-26T00:00:00.000000,Eco-Ally,Asia
TL0360,2026-01-23T00:00:00.000000,Basic,North America
TL0361,2026-01-28T00:00:00.000000,Basic,North America
TL0362,2026-01-22T00:00:00.000000,Basic,
TL0363,2026-01-13T00:00:00.000000,Basic,Asia
TL0364,2026-01-02T00:00:00.000000,Basic,North America
TL0365,2026-01-29T00:00:00.000000,Basic,North America
TL0366,2026-01-28T00:00:00.000000,Basic,North America
TL0367,2026-01-12T00:00:00.000000,Eco-Ally,North America
TL0368,2026-01-18T00:00:00.000000,Basic,Europe
TL0369,2026-01-12T00:00:00.000000,Eco-Ally,North America
TL0370,2026-01-29T00:00:00.000000,Basic,Asia
TL0371,2026-01-02T00:00:00.000000,Basic,Asia
TL0372,2026-01-16T00:00:00.000000,Basic,
TL0373,2026-01-03T00:00:00.000000,Eco-Ally,Europe
TL0374,2026-01-16T00:00:00.000000,Basic,Europe
TL0375,2026-01-14T00:00:00.000000,Basic,North America
TL0376,2026-01-23T00:00:00.000000,Basic,Europe
TL0377,2026-01-01T00:00:00.000000,Eco-Ally,Asia
TL0378,2026-01-01T00:00:00.000000,Eco-Ally,
TL0379,2026-01-01T00:00:00.000000,Eco-Ally,North America
TL0380,2026-01-16T00:00:00.000000,Eco-Ally,Europe
TL0381,2026-01-27T00:00:00.000000,Eco-Ally,North America
TL0382,2026-01-03T00:00:00.000000,Basic,Asia
TL0383,2026-01-28T00:00:00.000000,Eco-Ally,North America
TL0384,2026-01-11T00:00:00.000000,Basic,North America
TL0385,2026-01-06T00:00:00.000000,Eco-Ally,Europe
TL0386,2026-01-11T00:00:00.000000,Basic,North America
TL0387,2026-01-07T00:00:00.000000,Basic,
TL0388,2026-01-16T00:00:00.000000,Basic,
TL0389,2026-01-26T00:00:00.000000,Basic,
TL0390,2026-01-19T00:00:00.000000,Premium,Asia
TL0391,2026-01-25T00:00:00.000000,Basic,Europe
TL0392,2026-01-04T00:00:00.000000,Basic,Europe
TL0393,2026-01-08T00:00:00.000000,Premium,Asia
TL0394,2026-01-06T00:00:00.000000,Basic,Europe
TL0395,2026-01-23T00:00:00.000000,Eco-Ally,
TL0396,2026-01-26T00:00:00.000000,Eco-Ally,North America
TL0397,2026-01-20T00:00:00.000000,Basic,Asia
TL0398,2026-01-18T00:00:00.000000,Basic,North America
TL0399,2026-01-14T00:00:00.000000,Basic,
TL0400,2026-01-21T00:00:00.000000,Eco-Ally,North America
TL0401,2026-01-26T00:00:00.000000,Basic,Europe
TL0402,2026-01-06T00:00:00.000000,Basic,Europe
TL0403,2026-01-12T00:00:00.000000,Eco-Ally,
TL0404,2026-01-03T00:00:00.000000,Basic,Europe
TL0405,2026-01-21T00:00:00.000000,Eco-Ally,
TL0406,2026-01-31T00:00:00.000000,Basic,Asia
TL0407,2026-01-04T00:00:00.000000,Basic,North America
TL0408,2026-01-14T00:00:00.000000,Eco-Ally,Europe
TL0409,2026-01-22T00:00:00.000000,Basic,North America
TL0410,2026-01-17T00:00:00.000000,Eco-Ally,Asia
TL0411,2026-01-22T00:00:00.000000,Eco-Ally,Europe
TL0412,2026-01-26T00:00:00.000000,Basic,North America
TL0413,2026-01-21T00:00:00.000000,Basic,Europe
TL0414,2026-01-14T00:00:00.000000,Eco-Ally,
TL0415,2026-01-25T00:00:00.000000,Basic,Europe
TL0416,2026-01-18T00:00:00.000000,Basic,Europe
TL0417,2026-01-29T00:00:00.000000,Eco-Ally,Europe
TL0418,2026-01-28T00:00:00.000000,Eco-Ally,
TL0419,2026-01-18T00:00:00.000000,Basic,North America
TL0420,2026-01-05T00:00:00.000000,Basic,Europe
TL0421,2026-01-20T00:00:00.000000,Basic,Asia
TL0422,2026-01-13T00:00:00.000000,Premium,Asia
TL0423,2026-01-11T00:00:00.000000,Basic,Europe
TL0424,2026-01-12T00:00:00.000000,Premium,Europe
TL0425,2026-01-23T00:00:00.000000,Basic,North America
TL0426,2026-01-25T00:00:00.000000,Eco-Ally,
TL0427,2026-01-15T00:00:00.000000,Eco-Ally,
TL0428,2026-01-27T00:00:00.000000,Basic,North America
TL0429,2026-01-20T00:00:00.000000,Basic,Europe
TL0430,2026-01-02T00:00:00.000000,Basic,North America
TL0431,2026-01-11T00:00:00.000000,Basic,North America
TL0432,2026-01-08T00:00:00.000000,Premium,Europe
TL0433,2026-01-17T00:00:00.000000,Eco-Ally,Europe
TL0434,2026-01-14T00:00:00.000000,Premium,North America
TL0435,2026-01-19T00:00:00.000000,Eco-Ally,
TL0436,2026-01-13T00:00:00.000000,Basic,Europe
TL0437,2026-01-13T00:00:00.000000,Basic,
TL0438,2026-01-03T00:00:00.000000,Eco-Ally,
TL0439,2026-01-16T00:00:00.000000,Eco-Ally,Europe
TL0440,2026-01-25T00:00:00.000000,Eco-Ally,Europe
TL0441,2026-01-13T00:00:00.000000,Eco-Ally,North America
TL0442,2026-01-24T00:00:00.000000,Basic,Asia
TL0443,2026-01-21T00:00:00.000000,Basic,Europe
TL0444,2026-01-21T00:00:00.000000,Eco-Ally,Europe
TL0445,2026-01-18T00:00:00.000000,Eco-Ally,North America
TL0446,2026-01-06T00:00:00.000000,Eco-Ally,North America
TL0447,2026-01-31T00:00:00.000000,Basic,Asia
TL0448,2026-01-21T00:00:00.000000,Eco-Ally,North America
TL0449,2026-01-19T00:00:00.000000,Basic,Asia
TL0450,2026-01-23T00:00:00.000000,Premium,Asia
TL0451,2026-01-27T00:00:00.000000,Eco-Ally,Asia
TL0452,2026-01-25T00:00:00.000000,Premium,Asia
TL0453,2026-01-26T00:00:00.000000,Eco-Ally,North America
TL0454,2026-01-12T00:00:00.000000,Basic,
TL0455,2026-01-02T00:00:00.000000,Eco-Ally,
TL0456,2026-01-19T00:00:00.000000,Basic,Europe
TL0457,2026-01-23T00:00:00.000000,Basic,North America
TL0458,2026-01-15T00:00:00.000000,Eco-Ally,
TL0459,2026-01-28T00:00:00.000000,Eco-Ally,North America
TL0460,2026-01-15T00:00:00.000000,Basic,North America
TL0461,2026-01-07T00:00:00.000000,Premium,North America
TL0462,2026-01-13T00:00:00.000000,Eco-Ally,Asia
TL0463,2026-01-29T00:00:00.000000,Basic,Europe
TL0464,2026-01-02T00:00:00.000000,Eco-Ally,
TL0465,2026-01-22T00:00:00.000000,Basic,Europe
TL0466,2026-01-27T00:00:00.000000,Basic,Asia
TL0467,2026-01-08T00:00:00.000000,Basic,North America
TL0468,2026-01-04T00:00:00.000000,Eco-Ally,
TL0469,2026-01-03T00:00:00.000000,Basic,Europe
TL0470,2026-01-04T00:00:00.000000,Basic,Europe
TL0471,2026-01-13T00:00:00.000000,Basic,Europe
TL0472,2026-01-30T00:00:00.000000,Basic,North America
TL0473,2026-01-04T00:00:00.000000,Eco-Ally,
TL0474,2026-01-30T00:00:00.000000,Basic,
TL0475,2026-01-26T00:00:00.000000,Basic,Europe
TL0476,2026-01-28T00:00:00.000000,Eco-Ally,
TL0477,2026-01-05T00:00:00.000000,Eco-Ally,
TL0478,2026-01-26T00:00:00.000000,Basic,
TL0479,2026-01-17T00:00:00.000000,Basic,Asia
TL0480,2026-01-22T00:00:00.000000,Eco-Ally,North America
TL0481,2026-01-25T00:00:00.000000,Basic,Asia
TL0482,2026-01-09T00:00:00.000000,Basic,Asia
TL0483,2026-01-07T00:00:00.000000,Basic,
TL0484,2026-01-28T00:00:00.000000,Eco-Ally,Europe
TL0485,2026-01-01T00:00:00.000000,Basic,Asia
TL0486,2026-01-25T00:00:00.000000,Basic,Asia
TL0487,2026-01-19T00:00:00.000000,Eco-Ally,North America
TL0488,2026-01-06T00:00:00.000000,Eco-Ally,North America
TL0489,2026-01-29T00:00:00.000000,Basic,
TL0490,2026-01-30T00:00:00.000000,Basic,
TL0491,2026-01-03T00:00:00.000000,Basic,Asia
TL0492,2026-01-15T00:00:00.000000,Basic,
TL0493,2026-01-04T00:00:00.000000,Basic,Asia
TL0494,2026-01-05T00:00:00.000000,Basic,Europe
TL0495,2026-01-21T00:00:00.000000,Premium,North America
TL0496,2026-01-25T00:00:00.000000,Basic,
TL0497,2026-01-08T00:00:00.000000,Basic,North America
TL0498,2026-01-05T00:00:00.000000,Basic,Europe
TL0499,2026-01-16T00:00:00.000000,Basic,Asia
